{"cameraMode":{"drawMode":0,"name":"Shaded","section":"Shading Mode"},"sceneLighting":true,"audioPlay":false,"sceneViewState":{"m_AlwaysRefresh":false,"showFog":true,"showSkybox":true,"showFlares":true,"showImageEffects":true,"showParticleSystems":true,"showVisualEffectGraphs":true,"m_FxEnabled":true},"in2DMode":false,"pivot":{"x":5.922934532165527,"y":-5.0434112548828129,"z":5.182900428771973},"rotation":{"x":0.30772295594215395,"y":0.39789655804634097,"z":-0.14366784691810609,"w":0.8522602319717407},"size":8.125157356262207,"orthographic":false}