{"cameraMode":{"drawMode":0,"name":"Shaded","section":"Shading Mode"},"sceneLighting":true,"audioPlay":false,"sceneViewState":{"m_AlwaysRefresh":false,"showFog":true,"showSkybox":true,"showFlares":true,"showImageEffects":true,"showParticleSystems":true,"showVisualEffectGraphs":true,"m_FxEnabled":true},"in2DMode":false,"pivot":{"x":0.10123491287231446,"y":-0.064178466796875,"z":-0.7018136978149414},"rotation":{"x":0.28256240487098696,"y":0.4751482605934143,"z":-0.16434460878372193,"w":0.8169377446174622},"size":3.443201780319214,"orthographic":false}